individual_ano,group,species,year,obs_hours,sex,groupsize,partners_groomed,partners_pool,groupyear,sexspec,sexspec_indicator
i137,Ekalakala,bonobo,2019,5.64635416666667,F,11,6,10,Ekalakala__2019,fem_bo,1
i086,Ekalakala,bonobo,2019,4.71913194444444,M,11,6,10,Ekalakala__2019,mal_bo,3
i001,Ekalakala,bonobo,2019,5.20341435185185,F,11,10,10,Ekalakala__2019,fem_bo,1
i127,Ekalakala,bonobo,2019,5.67821759259259,M,11,9,10,Ekalakala__2019,mal_bo,3
i014,Ekalakala,bonobo,2019,6.4065162037037,F,11,9,10,Ekalakala__2019,fem_bo,1
i117,Ekalakala,bonobo,2019,5.73240740740741,M,11,7,10,Ekalakala__2019,mal_bo,3
i073,Ekalakala,bonobo,2019,7.42627314814815,F,11,10,10,Ekalakala__2019,fem_bo,1
i025,Ekalakala,bonobo,2019,7.501875,F,11,9,10,Ekalakala__2019,fem_bo,1
i116,Ekalakala,bonobo,2019,4.61900462962963,F,11,9,10,Ekalakala__2019,fem_bo,1
i094,Ekalakala,bonobo,2019,3.12578703703704,F,11,7,10,Ekalakala__2019,fem_bo,1
i019,Kokoalongo,bonobo,2019,4.93914351851852,F,20,6,19,Kokoalongo__2019,fem_bo,1
i107,Kokoalongo,bonobo,2019,5.9121875,F,20,3,19,Kokoalongo__2019,fem_bo,1
i035,Kokoalongo,bonobo,2019,5.0690162037037,F,20,2,19,Kokoalongo__2019,fem_bo,1
i076,Kokoalongo,bonobo,2019,2.32851851851852,M,20,1,19,Kokoalongo__2019,mal_bo,3
i070,Kokoalongo,bonobo,2019,5.12876157407407,M,20,3,19,Kokoalongo__2019,mal_bo,3
i032,Kokoalongo,bonobo,2019,4.58655092592593,M,20,7,19,Kokoalongo__2019,mal_bo,3
i021,Kokoalongo,bonobo,2019,2.82189814814815,M,19,1,18,Kokoalongo__2019,mal_bo,3
i020,Kokoalongo,bonobo,2019,4.33084490740741,F,20,6,19,Kokoalongo__2019,fem_bo,1
i043,Kokoalongo,bonobo,2019,5.7243287037037,F,20,11,19,Kokoalongo__2019,fem_bo,1
i108,Kokoalongo,bonobo,2019,0.950266203703704,F,19,4,18,Kokoalongo__2019,fem_bo,1
i130,Kokoalongo,bonobo,2019,4.92491898148148,M,20,12,19,Kokoalongo__2019,mal_bo,3
i046,Kokoalongo,bonobo,2019,5.44998842592593,F,20,6,19,Kokoalongo__2019,fem_bo,1
i044,Kokoalongo,bonobo,2019,6.17106481481482,F,20,12,19,Kokoalongo__2019,fem_bo,1
i015,Kokoalongo,bonobo,2019,5.11959490740741,F,20,10,19,Kokoalongo__2019,fem_bo,1
i120,Kokoalongo,bonobo,2019,4.92896990740741,F,20,10,19,Kokoalongo__2019,fem_bo,1
i123,Kokoalongo,bonobo,2019,6.11269675925926,F,20,7,19,Kokoalongo__2019,fem_bo,1
i093,Kokoalongo,bonobo,2019,7.45579861111111,F,20,7,19,Kokoalongo__2019,fem_bo,1
i006,Kokoalongo,bonobo,2019,4.16581018518518,M,20,5,19,Kokoalongo__2019,mal_bo,3
i133,Kokoalongo,bonobo,2019,5.53506944444444,F,20,8,19,Kokoalongo__2019,fem_bo,1
i137,Ekalakala,bonobo,2021,7.35163194444444,F,11,6,10,Ekalakala__2021,fem_bo,1
i086,Ekalakala,bonobo,2021,5.49215277777778,M,11,6,10,Ekalakala__2021,mal_bo,3
i001,Ekalakala,bonobo,2021,7.79564814814815,F,11,10,10,Ekalakala__2021,fem_bo,1
i127,Ekalakala,bonobo,2021,8.3862037037037,M,11,9,10,Ekalakala__2021,mal_bo,3
i014,Ekalakala,bonobo,2021,2.10572916666667,F,11,7,10,Ekalakala__2021,fem_bo,1
i117,Ekalakala,bonobo,2021,9.00678240740741,M,11,9,10,Ekalakala__2021,mal_bo,3
i073,Ekalakala,bonobo,2021,7.74603009259259,F,11,7,10,Ekalakala__2021,fem_bo,1
i025,Ekalakala,bonobo,2021,6.21462962962963,F,11,8,10,Ekalakala__2021,fem_bo,1
i116,Ekalakala,bonobo,2021,8.43391203703704,F,11,9,10,Ekalakala__2021,fem_bo,1
i094,Ekalakala,bonobo,2021,8.81077546296296,F,11,9,10,Ekalakala__2021,fem_bo,1
i019,Kokoalongo,bonobo,2021,5.23674768518519,F,16,8,15,Kokoalongo__2021,fem_bo,1
i107,Kokoalongo,bonobo,2021,8.45701388888889,F,16,7,15,Kokoalongo__2021,fem_bo,1
i035,Kokoalongo,bonobo,2021,7.25834490740741,F,16,10,15,Kokoalongo__2021,fem_bo,1
i070,Kokoalongo,bonobo,2021,2.6549537037037,M,16,5,15,Kokoalongo__2021,mal_bo,3
i032,Kokoalongo,bonobo,2021,5.92216435185185,M,16,8,15,Kokoalongo__2021,mal_bo,3
i021,Kokoalongo,bonobo,2021,6.50983796296296,M,16,3,15,Kokoalongo__2021,mal_bo,3
i020,Kokoalongo,bonobo,2021,7.62672453703704,F,16,5,15,Kokoalongo__2021,fem_bo,1
i043,Kokoalongo,bonobo,2021,7.69165509259259,F,16,11,15,Kokoalongo__2021,fem_bo,1
i046,Kokoalongo,bonobo,2021,7.37231481481481,F,16,7,15,Kokoalongo__2021,fem_bo,1
i044,Kokoalongo,bonobo,2021,7.51446759259259,F,16,10,15,Kokoalongo__2021,fem_bo,1
i015,Kokoalongo,bonobo,2021,6.49565972222222,F,16,12,15,Kokoalongo__2021,fem_bo,1
i120,Kokoalongo,bonobo,2021,6.92777777777778,F,16,8,15,Kokoalongo__2021,fem_bo,1
i123,Kokoalongo,bonobo,2021,6.66077546296296,F,16,5,15,Kokoalongo__2021,fem_bo,1
i093,Kokoalongo,bonobo,2021,7.36732638888889,F,16,5,15,Kokoalongo__2021,fem_bo,1
i133,Kokoalongo,bonobo,2021,6.85297453703704,F,16,11,15,Kokoalongo__2021,fem_bo,1
i137,Ekalakala,bonobo,2022,8.52634259143519,F,11,7,10,Ekalakala__2022,fem_bo,1
i086,Ekalakala,bonobo,2022,4.98539351851852,M,11,6,10,Ekalakala__2022,mal_bo,3
i001,Ekalakala,bonobo,2022,7.16760416666667,F,11,10,10,Ekalakala__2022,fem_bo,1
i127,Ekalakala,bonobo,2022,8.10576388888889,M,11,8,10,Ekalakala__2022,mal_bo,3
i117,Ekalakala,bonobo,2022,1.84541666666667,M,11,7,10,Ekalakala__2022,mal_bo,3
i073,Ekalakala,bonobo,2022,9.51714120486111,F,11,9,10,Ekalakala__2022,fem_bo,1
i025,Ekalakala,bonobo,2022,9.37635416666667,F,11,6,10,Ekalakala__2022,fem_bo,1
i116,Ekalakala,bonobo,2022,8.26384259143519,F,11,9,10,Ekalakala__2022,fem_bo,1
i094,Ekalakala,bonobo,2022,8.07741898263889,F,11,8,10,Ekalakala__2022,fem_bo,1
i097,Ekalakala,bonobo,2022,1.91064814814815,F,11,5,10,Ekalakala__2022,fem_bo,1
i019,Kokoalongo,bonobo,2022,9.80328703703704,F,18,8,17,Kokoalongo__2022,fem_bo,1
i107,Kokoalongo,bonobo,2022,7.11064814814815,F,18,5,17,Kokoalongo__2022,fem_bo,1
i035,Kokoalongo,bonobo,2022,5.17326388888889,F,18,4,17,Kokoalongo__2022,fem_bo,1
i070,Kokoalongo,bonobo,2022,1.64599537037037,M,18,5,17,Kokoalongo__2022,mal_bo,3
i032,Kokoalongo,bonobo,2022,5.86303240740741,M,18,10,17,Kokoalongo__2022,mal_bo,3
i021,Kokoalongo,bonobo,2022,6.2854861099537,M,18,4,17,Kokoalongo__2022,mal_bo,3
i020,Kokoalongo,bonobo,2022,7.10644675925926,F,18,5,17,Kokoalongo__2022,fem_bo,1
i043,Kokoalongo,bonobo,2022,7.4791087962963,F,18,6,17,Kokoalongo__2022,fem_bo,1
i046,Kokoalongo,bonobo,2022,4.94930555555556,F,18,5,17,Kokoalongo__2022,fem_bo,1
i044,Kokoalongo,bonobo,2022,7.14335648032407,F,18,12,17,Kokoalongo__2022,fem_bo,1
i015,Kokoalongo,bonobo,2022,6.6059837962963,F,18,11,17,Kokoalongo__2022,fem_bo,1
i120,Kokoalongo,bonobo,2022,7.00278935185185,F,18,8,17,Kokoalongo__2022,fem_bo,1
i123,Kokoalongo,bonobo,2022,7.13219907407407,F,18,4,17,Kokoalongo__2022,fem_bo,1
i093,Kokoalongo,bonobo,2022,5.17079861111111,F,18,8,17,Kokoalongo__2022,fem_bo,1
i133,Kokoalongo,bonobo,2022,3.91628472222222,F,18,7,17,Kokoalongo__2022,fem_bo,1
i118,Kokoalongo,bonobo,2022,4.34438657407407,M,18,9,17,Kokoalongo__2022,mal_bo,3
i040,Kokoalongo,bonobo,2022,3.84349537037037,M,18,4,17,Kokoalongo__2022,mal_bo,3
i047,South,chimp,2016,4.65902777777778,F,22,17,21,South__2016,fem_chi,2
i085,South,chimp,2016,5.67013888888889,F,22,15,21,South__2016,fem_chi,2
i058,South,chimp,2016,8.21319444444444,M,22,19,21,South__2016,mal_chi,4
i053,South,chimp,2016,6.48055555555556,F,22,13,21,South__2016,fem_chi,2
i016,South,chimp,2016,4.91041666666667,F,22,13,21,South__2016,fem_chi,2
i084,South,chimp,2016,5.83333333333333,M,22,19,21,South__2016,mal_chi,4
i132,South,chimp,2016,4.42430555555556,F,22,14,21,South__2016,fem_chi,2
i122,South,chimp,2016,7.89444444444444,M,22,20,21,South__2016,mal_chi,4
i041,South,chimp,2016,8.38680555555556,M,22,21,21,South__2016,mal_chi,4
i051,South,chimp,2016,2.46319444444444,F,22,12,21,South__2016,fem_chi,2
i013,South,chimp,2016,5.03680555555556,F,22,17,21,South__2016,fem_chi,2
i112,South,chimp,2016,7.52986111111111,F,22,18,21,South__2016,fem_chi,2
i033,South,chimp,2016,3.78055555555556,F,22,16,21,South__2016,fem_chi,2
i125,South,chimp,2016,8.97361111111111,F,22,16,21,South__2016,fem_chi,2
i028,South,chimp,2016,4.78125,M,22,18,21,South__2016,mal_chi,4
i136,South,chimp,2016,4.42916666666667,F,22,20,21,South__2016,fem_chi,2
i066,South,chimp,2016,4.16736111111111,F,22,14,21,South__2016,fem_chi,2
i080,South,chimp,2016,4.30902777777778,F,22,16,21,South__2016,fem_chi,2
i138,South,chimp,2016,5.45902777777778,F,22,16,21,South__2016,fem_chi,2
i139,South,chimp,2016,1.58263888888889,F,22,10,21,South__2016,fem_chi,2
i047,South,chimp,2017,3.32916666666667,F,22,14,21,South__2017,fem_chi,2
i085,South,chimp,2017,4.79236111111111,F,22,14,21,South__2017,fem_chi,2
i058,South,chimp,2017,7.04097222222222,M,22,20,21,South__2017,mal_chi,4
i053,South,chimp,2017,6.49305555555556,F,22,13,21,South__2017,fem_chi,2
i016,South,chimp,2017,7.16388888888889,F,22,15,21,South__2017,fem_chi,2
i084,South,chimp,2017,8.60208333333333,M,22,20,21,South__2017,mal_chi,4
i132,South,chimp,2017,4.97708333333333,F,22,15,21,South__2017,fem_chi,2
i122,South,chimp,2017,8.28055555555556,M,22,21,21,South__2017,mal_chi,4
i041,South,chimp,2017,7.07569444444444,M,22,21,21,South__2017,mal_chi,4
i051,South,chimp,2017,4.03611111111111,F,22,21,21,South__2017,fem_chi,2
i013,South,chimp,2017,3.8625,F,22,19,21,South__2017,fem_chi,2
i112,South,chimp,2017,6.22638888888889,F,22,20,21,South__2017,fem_chi,2
i033,South,chimp,2017,4.57777777777778,F,22,18,21,South__2017,fem_chi,2
i125,South,chimp,2017,6.14791666666667,F,22,16,21,South__2017,fem_chi,2
i028,South,chimp,2017,5.40833333333333,M,22,18,21,South__2017,mal_chi,4
i136,South,chimp,2017,3.40486111111111,F,22,18,21,South__2017,fem_chi,2
i002,South,chimp,2017,2.01037037037037,F,22,12,21,South__2017,fem_chi,2
i066,South,chimp,2017,3.45555555555556,F,22,15,21,South__2017,fem_chi,2
i080,South,chimp,2017,4.13402777777778,F,22,16,21,South__2017,fem_chi,2
i138,South,chimp,2017,4.07291666666667,F,22,16,21,South__2017,fem_chi,2
i139,South,chimp,2017,3.23920138888889,F,22,15,21,South__2017,fem_chi,2
i047,South,chimp,2018,2.67708333333333,F,22,10,21,South__2018,fem_chi,2
i085,South,chimp,2018,3.7,F,22,13,21,South__2018,fem_chi,2
i058,South,chimp,2018,4.54861111111111,M,22,20,21,South__2018,mal_chi,4
i053,South,chimp,2018,2.48263888888889,F,22,13,21,South__2018,fem_chi,2
i016,South,chimp,2018,1.59722222222222,F,22,12,21,South__2018,fem_chi,2
i084,South,chimp,2018,5.74027777777778,M,22,19,21,South__2018,mal_chi,4
i132,South,chimp,2018,2.84027777777778,F,22,13,21,South__2018,fem_chi,2
i122,South,chimp,2018,3.34513888888889,M,22,20,21,South__2018,mal_chi,4
i041,South,chimp,2018,6.06458333333333,M,22,21,21,South__2018,mal_chi,4
i051,South,chimp,2018,2.12013888888889,F,22,18,21,South__2018,fem_chi,2
i013,South,chimp,2018,1.67430555555556,F,22,14,21,South__2018,fem_chi,2
i112,South,chimp,2018,2.63333333333333,F,22,19,21,South__2018,fem_chi,2
i033,South,chimp,2018,2.39930555555556,F,22,16,21,South__2018,fem_chi,2
i125,South,chimp,2018,3.40902777777778,F,22,12,21,South__2018,fem_chi,2
i028,South,chimp,2018,5.13680555555556,M,22,20,21,South__2018,mal_chi,4
i136,South,chimp,2018,2.41875,F,22,16,21,South__2018,fem_chi,2
i002,South,chimp,2018,1.25743055555556,F,22,4,21,South__2018,fem_chi,2
i066,South,chimp,2018,2.26111111111111,F,22,11,21,South__2018,fem_chi,2
i080,South,chimp,2018,3.50833333333333,F,22,19,21,South__2018,fem_chi,2
i138,South,chimp,2018,3.24444444444444,F,22,16,21,South__2018,fem_chi,2
i139,South,chimp,2018,2.06719907407407,F,22,12,21,South__2018,fem_chi,2
i003,North,chimp,2016,14.7743055555556,F,11,10,10,North__2016,fem_chi,2
i023,North,chimp,2016,13.3534722222222,F,11,10,10,North__2016,fem_chi,2
i114,North,chimp,2016,15.0826388888889,M,11,10,10,North__2016,mal_chi,4
i042,North,chimp,2016,14.5652777777778,F,11,10,10,North__2016,fem_chi,2
i034,North,chimp,2016,12.2590277777778,F,11,10,10,North__2016,fem_chi,2
i054,North,chimp,2016,11.8305555555556,F,11,10,10,North__2016,fem_chi,2
i071,North,chimp,2016,11.1013888888889,M,11,10,10,North__2016,mal_chi,4
i026,North,chimp,2016,16.5152777777778,F,11,10,10,North__2016,fem_chi,2
i075,North,chimp,2016,10.3534722222222,M,11,10,10,North__2016,mal_chi,4
i129,North,chimp,2016,11.0118055555556,F,11,10,10,North__2016,fem_chi,2
i003,North,chimp,2017,10.4715277777778,F,11,10,10,North__2017,fem_chi,2
i023,North,chimp,2017,8.89375,F,11,10,10,North__2017,fem_chi,2
i114,North,chimp,2017,8.13333333333333,M,11,10,10,North__2017,mal_chi,4
i042,North,chimp,2017,10.5097222222222,F,11,10,10,North__2017,fem_chi,2
i034,North,chimp,2017,8.36041666666667,F,11,10,10,North__2017,fem_chi,2
i054,North,chimp,2017,10.1236111111111,F,11,10,10,North__2017,fem_chi,2
i071,North,chimp,2017,7.50347222222222,M,11,10,10,North__2017,mal_chi,4
i026,North,chimp,2017,10.65625,F,11,10,10,North__2017,fem_chi,2
i075,North,chimp,2017,8.67152777777778,M,11,10,10,North__2017,mal_chi,4
i129,North,chimp,2017,11.0472222222222,F,11,10,10,North__2017,fem_chi,2
i003,North,chimp,2018,6.35208333333333,F,12,11,11,North__2018,fem_chi,2
i023,North,chimp,2018,7.14861111111111,F,12,10,11,North__2018,fem_chi,2
i114,North,chimp,2018,11.0416666666667,M,12,11,11,North__2018,mal_chi,4
i042,North,chimp,2018,9.74930555555556,F,12,11,11,North__2018,fem_chi,2
i034,North,chimp,2018,4.16805555555556,F,12,10,11,North__2018,fem_chi,2
i054,North,chimp,2018,9.78541666666667,F,12,11,11,North__2018,fem_chi,2
i071,North,chimp,2018,7.125,M,12,11,11,North__2018,mal_chi,4
i026,North,chimp,2018,4.16736111111111,F,12,11,11,North__2018,fem_chi,2
i075,North,chimp,2018,5.71111111111111,M,12,11,11,North__2018,mal_chi,4
i129,North,chimp,2018,5.25069444444444,F,12,11,11,North__2018,fem_chi,2
i128,North,chimp,2018,7.47472222222222,F,12,11,11,North__2018,fem_chi,2
i039,East,chimp,2016,4.85416666666667,F,15,11,14,East__2016,fem_chi,2
i005,East,chimp,2016,9.60625,M,15,14,14,East__2016,mal_chi,4
i081,East,chimp,2016,3.20625,F,15,9,14,East__2016,fem_chi,2
i121,East,chimp,2016,4.43819444444444,F,15,9,14,East__2016,fem_chi,2
i102,East,chimp,2016,10.1125,M,15,12,14,East__2016,mal_chi,4
i124,East,chimp,2016,9.39236111111111,M,15,14,14,East__2016,mal_chi,4
i048,East,chimp,2016,5.60347222222222,F,15,12,14,East__2016,fem_chi,2
i099,East,chimp,2016,9.43958333333333,M,15,14,14,East__2016,mal_chi,4
i062,East,chimp,2016,5.16180555555556,F,15,13,14,East__2016,fem_chi,2
i119,East,chimp,2016,6.51527777777778,F,15,12,14,East__2016,fem_chi,2
i072,East,chimp,2016,6.57083333333333,M,15,13,14,East__2016,mal_chi,4
i050,East,chimp,2016,4.07430555555556,F,15,11,14,East__2016,fem_chi,2
i055,East,chimp,2016,2.78680555555556,F,15,11,14,East__2016,fem_chi,2
i039,East,chimp,2017,6.34444444444444,F,16,14,15,East__2017,fem_chi,2
i005,East,chimp,2017,9.90208333333333,M,16,15,15,East__2017,mal_chi,4
i081,East,chimp,2017,3.90486111111111,F,16,11,15,East__2017,fem_chi,2
i121,East,chimp,2017,6.42430555555556,F,16,12,15,East__2017,fem_chi,2
i102,East,chimp,2017,9.07013888888889,M,16,12,15,East__2017,mal_chi,4
i124,East,chimp,2017,9.89652777777778,M,16,15,15,East__2017,mal_chi,4
i048,East,chimp,2017,6.08125,F,16,14,15,East__2017,fem_chi,2
i099,East,chimp,2017,9.29861111111111,M,16,15,15,East__2017,mal_chi,4
i062,East,chimp,2017,6.73125,F,16,14,15,East__2017,fem_chi,2
i119,East,chimp,2017,6.14097222222222,F,16,13,15,East__2017,fem_chi,2
i072,East,chimp,2017,8.34236111111111,M,16,15,15,East__2017,mal_chi,4
i050,East,chimp,2017,5.89097222222222,F,16,14,15,East__2017,fem_chi,2
i055,East,chimp,2017,4.39930555555556,F,16,12,15,East__2017,fem_chi,2
i082,East,chimp,2017,3.86736111111111,M,16,15,15,East__2017,mal_chi,4
i096,East,chimp,2017,0.512534722222222,M,16,11,15,East__2017,mal_chi,4
i039,East,chimp,2018,5.33263888888889,F,17,15,16,East__2018,fem_chi,2
i005,East,chimp,2018,9.2625,M,17,16,16,East__2018,mal_chi,4
i081,East,chimp,2018,2.88402777777778,F,17,11,16,East__2018,fem_chi,2
i121,East,chimp,2018,3.91805555555556,F,17,12,16,East__2018,fem_chi,2
i102,East,chimp,2018,6.53958333333333,M,17,16,16,East__2018,mal_chi,4
i124,East,chimp,2018,8.73055555555556,M,17,16,16,East__2018,mal_chi,4
i048,East,chimp,2018,3.22361111111111,F,17,15,16,East__2018,fem_chi,2
i099,East,chimp,2018,9.47083333333333,M,17,16,16,East__2018,mal_chi,4
i062,East,chimp,2018,5.93333333333333,F,17,16,16,East__2018,fem_chi,2
i119,East,chimp,2018,4.21875,F,17,14,16,East__2018,fem_chi,2
i072,East,chimp,2018,6.10138888888889,M,17,16,16,East__2018,mal_chi,4
i050,East,chimp,2018,4.25347222222222,F,17,14,16,East__2018,fem_chi,2
i055,East,chimp,2018,3.22222222222222,F,17,12,16,East__2018,fem_chi,2
i082,East,chimp,2018,3.48333333333333,M,17,15,16,East__2018,mal_chi,4
i096,East,chimp,2018,1.31881944444444,M,17,12,16,East__2018,mal_chi,4
i029,East,chimp,2018,1.62502314814815,M,17,15,16,East__2018,mal_chi,4
i024,Kanyawara,chimp,2016,8.21041666666667,F,31,13,30,Kanyawara__2016,fem_chi,2
i105,Kanyawara,chimp,2016,10.9472222222222,M,31,29,30,Kanyawara__2016,mal_chi,4
i045,Kanyawara,chimp,2016,6.50833333333333,M,31,21,30,Kanyawara__2016,mal_chi,4
i074,Kanyawara,chimp,2016,6.71666666666667,M,31,20,30,Kanyawara__2016,mal_chi,4
i095,Kanyawara,chimp,2016,3.11875,F,31,10,30,Kanyawara__2016,fem_chi,2
i017,Kanyawara,chimp,2016,9.24305555555556,M,31,20,30,Kanyawara__2016,mal_chi,4
i036,Kanyawara,chimp,2016,3.15486111111111,F,31,16,30,Kanyawara__2016,fem_chi,2
i052,Kanyawara,chimp,2016,12.4590277777778,M,31,28,30,Kanyawara__2016,mal_chi,4
i049,Kanyawara,chimp,2016,6.61319444444444,F,31,7,30,Kanyawara__2016,fem_chi,2
i031,Kanyawara,chimp,2016,13.4055555555556,M,31,23,30,Kanyawara__2016,mal_chi,4
i010,Kanyawara,chimp,2016,10.2465277777778,F,31,13,30,Kanyawara__2016,fem_chi,2
i131,Kanyawara,chimp,2016,7.40208333333333,M,31,15,30,Kanyawara__2016,mal_chi,4
i135,Kanyawara,chimp,2016,12.2659722222222,F,31,20,30,Kanyawara__2016,fem_chi,2
i101,Kanyawara,chimp,2016,8.24027777777778,M,31,28,30,Kanyawara__2016,mal_chi,4
i030,Kanyawara,chimp,2016,5.78680555555556,F,31,13,30,Kanyawara__2016,fem_chi,2
i100,Kanyawara,chimp,2016,6.33263888888889,F,31,11,30,Kanyawara__2016,fem_chi,2
i088,Kanyawara,chimp,2016,7.68888888888889,F,31,9,30,Kanyawara__2016,fem_chi,2
i011,Kanyawara,chimp,2016,8.17083333333333,M,31,26,30,Kanyawara__2016,mal_chi,4
i056,Kanyawara,chimp,2016,5.25625,F,31,7,30,Kanyawara__2016,fem_chi,2
i079,Kanyawara,chimp,2016,5.46527777777778,F,31,20,30,Kanyawara__2016,fem_chi,2
i090,Kanyawara,chimp,2016,7.3375,F,31,12,30,Kanyawara__2016,fem_chi,2
i057,Kanyawara,chimp,2016,14.4479166666667,F,31,15,30,Kanyawara__2016,fem_chi,2
i063,Kanyawara,chimp,2016,8.40486111111111,M,31,25,30,Kanyawara__2016,mal_chi,4
i018,Kanyawara,chimp,2016,1.79861111111111,F,31,8,30,Kanyawara__2016,fem_chi,2
i027,Kanyawara,chimp,2016,10.0055555555556,M,31,25,30,Kanyawara__2016,mal_chi,4
i059,Kanyawara,chimp,2016,8.94652777777778,F,31,13,30,Kanyawara__2016,fem_chi,2
i068,Kanyawara,chimp,2016,10.1770833333333,M,31,14,30,Kanyawara__2016,mal_chi,4
i083,Kanyawara,chimp,2016,7.30694444444444,F,31,10,30,Kanyawara__2016,fem_chi,2
i110,Kanyawara,chimp,2016,8.47569444444444,F,31,10,30,Kanyawara__2016,fem_chi,2
i009,Kanyawara,chimp,2016,8.13194444444444,M,31,13,30,Kanyawara__2016,mal_chi,4
i024,Kanyawara,chimp,2014,3.21666666666667,F,29,6,28,Kanyawara__2014,fem_chi,2
i105,Kanyawara,chimp,2014,6.54027777777778,M,29,20,28,Kanyawara__2014,mal_chi,4
i074,Kanyawara,chimp,2014,3.62847222222222,M,29,15,28,Kanyawara__2014,mal_chi,4
i095,Kanyawara,chimp,2014,1.48263888888889,F,29,2,28,Kanyawara__2014,fem_chi,2
i017,Kanyawara,chimp,2014,3.29444444444444,M,29,13,28,Kanyawara__2014,mal_chi,4
i052,Kanyawara,chimp,2014,3.79583333333333,M,29,17,28,Kanyawara__2014,mal_chi,4
i031,Kanyawara,chimp,2014,8.23472222222222,M,29,23,28,Kanyawara__2014,mal_chi,4
i065,Kanyawara,chimp,2014,6.84583333333333,F,29,12,28,Kanyawara__2014,fem_chi,2
i010,Kanyawara,chimp,2014,5.55763888888889,F,29,9,28,Kanyawara__2014,fem_chi,2
i135,Kanyawara,chimp,2014,6.99375,F,29,15,28,Kanyawara__2014,fem_chi,2
i101,Kanyawara,chimp,2014,6.21458333333333,M,29,20,28,Kanyawara__2014,mal_chi,4
i100,Kanyawara,chimp,2014,6.08402777777778,F,29,7,28,Kanyawara__2014,fem_chi,2
i088,Kanyawara,chimp,2014,4.96458333333333,F,29,10,28,Kanyawara__2014,fem_chi,2
i011,Kanyawara,chimp,2014,6.22569444444444,M,29,22,28,Kanyawara__2014,mal_chi,4
i056,Kanyawara,chimp,2014,2.74305555555556,F,29,10,28,Kanyawara__2014,fem_chi,2
i079,Kanyawara,chimp,2014,5.67083333333333,F,29,10,28,Kanyawara__2014,fem_chi,2
i090,Kanyawara,chimp,2014,5.72013888888889,F,29,9,28,Kanyawara__2014,fem_chi,2
i057,Kanyawara,chimp,2014,10.2729166666667,F,29,15,28,Kanyawara__2014,fem_chi,2
i063,Kanyawara,chimp,2014,5.24791666666667,M,29,17,28,Kanyawara__2014,mal_chi,4
i027,Kanyawara,chimp,2014,9.98541666666667,M,29,17,28,Kanyawara__2014,mal_chi,4
i059,Kanyawara,chimp,2014,4.62777777777778,F,29,8,28,Kanyawara__2014,fem_chi,2
i083,Kanyawara,chimp,2014,10.1645833333333,F,29,17,28,Kanyawara__2014,fem_chi,2
i110,Kanyawara,chimp,2014,6.32083333333333,F,29,12,28,Kanyawara__2014,fem_chi,2
i009,Kanyawara,chimp,2014,5.37361111111111,M,29,18,28,Kanyawara__2014,mal_chi,4
i037,Kanyawara,chimp,2014,4.18958333333333,M,29,20,28,Kanyawara__2014,mal_chi,4
i109,Kanyawara,chimp,2014,1.39791666666667,F,29,3,28,Kanyawara__2014,fem_chi,2
i038,Kanyawara,chimp,2014,0.779861111111111,M,29,5,28,Kanyawara__2014,mal_chi,4
i024,Kanyawara,chimp,2015,4.29027777777778,F,30,10,29,Kanyawara__2015,fem_chi,2
i105,Kanyawara,chimp,2015,9.31805555555556,M,30,24,29,Kanyawara__2015,mal_chi,4
i045,Kanyawara,chimp,2015,4.84097222222222,M,30,19,29,Kanyawara__2015,mal_chi,4
i074,Kanyawara,chimp,2015,3.5625,M,30,14,29,Kanyawara__2015,mal_chi,4
i095,Kanyawara,chimp,2015,4.67569444444444,F,30,8,29,Kanyawara__2015,fem_chi,2
i017,Kanyawara,chimp,2015,3.48055555555556,M,30,14,29,Kanyawara__2015,mal_chi,4
i052,Kanyawara,chimp,2015,8.74791666666667,M,30,25,29,Kanyawara__2015,mal_chi,4
i031,Kanyawara,chimp,2015,10.2111111111111,M,30,25,29,Kanyawara__2015,mal_chi,4
i065,Kanyawara,chimp,2015,5.87430555555556,F,30,8,29,Kanyawara__2015,fem_chi,2
i010,Kanyawara,chimp,2015,4.82638888888889,F,30,8,29,Kanyawara__2015,fem_chi,2
i131,Kanyawara,chimp,2015,4.37291666666667,M,30,8,29,Kanyawara__2015,mal_chi,4
i135,Kanyawara,chimp,2015,10.0423611111111,F,30,23,29,Kanyawara__2015,fem_chi,2
i101,Kanyawara,chimp,2015,8.93611111111111,M,30,25,29,Kanyawara__2015,mal_chi,4
i030,Kanyawara,chimp,2015,4.81388888888889,F,30,14,29,Kanyawara__2015,fem_chi,2
i100,Kanyawara,chimp,2015,7.02083333333333,F,30,11,29,Kanyawara__2015,fem_chi,2
i088,Kanyawara,chimp,2015,7.27083333333333,F,30,13,29,Kanyawara__2015,fem_chi,2
i011,Kanyawara,chimp,2015,7.03263888888889,M,30,27,29,Kanyawara__2015,mal_chi,4
i056,Kanyawara,chimp,2015,8.00902777777778,F,30,14,29,Kanyawara__2015,fem_chi,2
i079,Kanyawara,chimp,2015,4.56805555555556,F,30,19,29,Kanyawara__2015,fem_chi,2
i090,Kanyawara,chimp,2015,6.20208333333333,F,30,12,29,Kanyawara__2015,fem_chi,2
i057,Kanyawara,chimp,2015,10.0819444444444,F,30,16,29,Kanyawara__2015,fem_chi,2
i063,Kanyawara,chimp,2015,7.29930555555556,M,30,23,29,Kanyawara__2015,mal_chi,4
i018,Kanyawara,chimp,2015,3.76388888888889,F,30,11,29,Kanyawara__2015,fem_chi,2
i027,Kanyawara,chimp,2015,8.78263888888889,M,30,20,29,Kanyawara__2015,mal_chi,4
i059,Kanyawara,chimp,2015,3.06180555555556,F,30,10,29,Kanyawara__2015,fem_chi,2
i068,Kanyawara,chimp,2015,4.34791666666667,M,30,11,29,Kanyawara__2015,mal_chi,4
i083,Kanyawara,chimp,2015,9.87430555555556,F,30,10,29,Kanyawara__2015,fem_chi,2
i110,Kanyawara,chimp,2015,6.34444444444444,F,30,12,29,Kanyawara__2015,fem_chi,2
i009,Kanyawara,chimp,2015,9.19861111111111,M,30,19,29,Kanyawara__2015,mal_chi,4
i089,Bompusa,bonobo,2015,1.78084490740741,M,20,7,19,Bompusa__2015,mal_bo,3
i022,Bompusa,bonobo,2015,2.02230324074074,M,20,8,19,Bompusa__2015,mal_bo,3
i060,Bompusa,bonobo,2015,1.76773148148148,M,20,4,19,Bompusa__2015,mal_bo,3
i098,Bompusa,bonobo,2015,2.04671296296296,F,20,11,19,Bompusa__2015,fem_bo,1
i115,Bompusa,bonobo,2015,1.96834490740741,F,20,8,19,Bompusa__2015,fem_bo,1
i078,Bompusa,bonobo,2015,2.03019675925926,M,20,9,19,Bompusa__2015,mal_bo,3
i067,Bompusa,bonobo,2015,1.94412037037037,F,20,10,19,Bompusa__2015,fem_bo,1
i012,Bompusa,bonobo,2015,2.31368055555556,F,20,10,19,Bompusa__2015,fem_bo,1
i106,Bompusa,bonobo,2015,1.73854166666667,F,20,7,19,Bompusa__2015,fem_bo,1
i091,Bompusa,bonobo,2015,1.85340277777778,F,20,7,19,Bompusa__2015,fem_bo,1
i008,Bompusa,bonobo,2015,1.84486111111111,F,20,5,19,Bompusa__2015,fem_bo,1
i064,Bompusa,bonobo,2015,1.93858796296296,F,20,6,19,Bompusa__2015,fem_bo,1
i111,Bompusa,bonobo,2015,1.68403935185185,F,20,7,19,Bompusa__2015,fem_bo,1
i113,Bompusa,bonobo,2015,1.65881944444444,M,20,5,19,Bompusa__2015,mal_bo,3
i134,Bompusa,bonobo,2015,2.41207175925926,F,20,4,19,Bompusa__2015,fem_bo,1
i061,Bompusa,bonobo,2015,1.87981481481481,F,20,9,19,Bompusa__2015,fem_bo,1
i103,Bompusa,bonobo,2015,1.76462962962963,F,20,2,19,Bompusa__2015,fem_bo,1
i126,Bompusa,bonobo,2015,1.77758101851852,M,20,2,19,Bompusa__2015,mal_bo,3
i004,Bompusa,bonobo,2015,1.83225694444444,F,20,5,19,Bompusa__2015,fem_bo,1
i104,Ekalakala,bonobo,2019,5.64635416666667,F,11,8,10,Ekalakala__2019,fem_bo,1
i077,Kokoalongo,bonobo,2019,4.93914351851852,F,20,9,19,Kokoalongo__2019,fem_bo,1
i104,Ekalakala,bonobo,2021,7.35163194444444,F,11,8,10,Ekalakala__2021,fem_bo,1
i077,Kokoalongo,bonobo,2021,5.23674768518519,F,16,5,15,Kokoalongo__2021,fem_bo,1
i104,Ekalakala,bonobo,2022,8.52634259143519,F,11,7,10,Ekalakala__2022,fem_bo,1
i077,Kokoalongo,bonobo,2022,9.80328703703704,F,18,5,17,Kokoalongo__2022,fem_bo,1
i087,South,chimp,2016,4.65902777777778,F,22,21,21,South__2016,fem_chi,2
i087,South,chimp,2017,3.32916666666667,F,22,21,21,South__2017,fem_chi,2
i087,South,chimp,2018,2.67708333333333,F,22,18,21,South__2018,fem_chi,2
i007,North,chimp,2016,14.7743055555556,F,11,10,10,North__2016,fem_chi,2
i007,North,chimp,2017,10.4715277777778,F,11,10,10,North__2017,fem_chi,2
i007,North,chimp,2018,6.35208333333333,F,12,11,11,North__2018,fem_chi,2
i092,East,chimp,2016,4.85416666666667,F,15,12,14,East__2016,fem_chi,2
i092,East,chimp,2017,6.34444444444444,F,16,14,15,East__2017,fem_chi,2
i092,East,chimp,2018,5.33263888888889,F,17,13,16,East__2018,fem_chi,2
i065,Kanyawara,chimp,2016,8.21041666666667,F,31,12,30,Kanyawara__2016,fem_chi,2
i131,Kanyawara,chimp,2014,3.21666666666667,F,29,4,28,Kanyawara__2014,fem_chi,2
i049,Kanyawara,chimp,2015,4.29027777777778,F,30,7,29,Kanyawara__2015,fem_chi,2
i069,Bompusa,bonobo,2015,1.78084490740741,M,20,8,19,Bompusa__2015,mal_bo,3
